<?xml version="1.0" encoding="utf-8"?>
<SiteGenerator name="SiteName" xmlns:ipo="http://www.altova.com/IPO" xmlns="http://www.xmlspy.com/schemas/orgchart" xmlns:xsi="http://www.w3.org/2001/XMLSchema-instance">
  <site>
    <rootFolder >
      <file name="Default.htm" mappedTo="TestSite/Default.htm" />
      <file name="SiteGenerator_Banner.html" mappedTo="SiteGenerator_Banner.html" />
      <folder name="images">
        <file name="topBanner_slice.gif" mappedTo="images/topBanner_slice.gif" />
        <file name="leftBanner.png" mappedTo="images/leftBanner.png" />
        <file name="owasp_logo.png" mappedTo="images/owasp_logo.png" />
        <file name="leftBanner.png" mappedTo="images/leftBanner.png" />
        <file name="Foundstone_logo.jpg" mappedTo="images/Foundstone_logo.jpg" />
      </folder>
      <file name="Navigation_Level_0_SubLevel_0.html" mappedTo="TestSite\Navigation_Level_0_SubLevel_0.html" />
      <file name="Navigation_Level_0_SubLevel_1.html" mappedTo="TestSite\Navigation_Level_0_SubLevel_1.html" />
      <file name="Navigation_Level_0_SubLevel_2.html" mappedTo="TestSite\Navigation_Level_0_SubLevel_2.html" />
      <file name="Navigation_Level_0_SubLevel_3.html" mappedTo="TestSite\Navigation_Level_0_SubLevel_3.html" />
      <file name="1_DataValidation_SqlInjection_Advanced.aspx" mappedTo="Vulnerabilities\DataValidation_SqlInjection_Advanced.aspx" />
      <file name="2_DataValidation_SqlInjection_Basic.aspx" mappedTo="Vulnerabilities\DataValidation_SqlInjection_Basic.aspx" />
      <file name="3_DataValidation_SqlInjection_Medium.aspx" mappedTo="Vulnerabilities\DataValidation_SqlInjection_Medium.aspx" />
      <file name="4_Direct Sql Query.aspx" mappedTo="Vulnerabilities\Direct Sql Query.aspx" />
      <file name="5_InSession - Login.aspx" mappedTo="Vulnerabilities\InSession - Login.aspx" />
      <file name="TopNavigation.htm" mappedTo="TestSite/TopNavigation.htm" />
      <file name="NormalPage.htm" mappedTo="htm/NormalPage.htm" />
      <file name="Navigation_Level_1_SubLevel_0.html" mappedTo="TestSite\Navigation_Level_1_SubLevel_0.html" />
      <file name="Navigation_Level_1_SubLevel_1.html" mappedTo="TestSite\Navigation_Level_1_SubLevel_1.html" />
      <file name="Navigation_Level_1_SubLevel_2.html" mappedTo="TestSite\Navigation_Level_1_SubLevel_2.html" />
      <file name="Navigation_Level_1_SubLevel_3.html" mappedTo="TestSite\Navigation_Level_1_SubLevel_3.html" />
      <file name="6_InSession - SqlInjectionPages.aspx" mappedTo="Vulnerabilities\InSession - SqlInjectionPages.aspx" />
      <file name="7_Remote Cmd Shell Advanced.aspx" mappedTo="Vulnerabilities\Remote Cmd Shell Advanced.aspx" />
      <file name="8_Remote Cmd Shell.aspx" mappedTo="Vulnerabilities\Remote Cmd Shell.aspx" />
      <file name="9_Show Directories.aspx" mappedTo="Vulnerabilities\Show Directories.aspx" />
      <file name="10_Show File Contents.aspx" mappedTo="Vulnerabilities\Show File Contents.aspx" />
      <file name="Navigation_Level_1_SubLevel_0.html" mappedTo="TestSite\Navigation_Level_1_SubLevel_0.html" />
      <file name="Navigation_Level_1_SubLevel_1.html" mappedTo="TestSite\Navigation_Level_1_SubLevel_1.html" />
      <file name="Navigation_Level_1_SubLevel_2.html" mappedTo="TestSite\Navigation_Level_1_SubLevel_2.html" />
      <file name="Navigation_Level_1_SubLevel_3.html" mappedTo="TestSite\Navigation_Level_1_SubLevel_3.html" />
      <file name="11_UnprotectedSecrets_Viewstate_HiddenField.aspx" mappedTo="Vulnerabilities\UnprotectedSecrets_Viewstate_HiddenField.aspx" />
      <file name="12_Weak Password.aspx" mappedTo="Vulnerabilities\Weak Password.aspx" />
      <file name="13_Write File On Server.aspx" mappedTo="Vulnerabilities\Write File On Server.aspx" />
      <file name="14_XSS.aspx" mappedTo="Vulnerabilities\XSS.aspx" />
      <file name="15_DataValidation_SqlInjection_Advanced.aspx" mappedTo="Vulnerabilities\DataValidation_SqlInjection_Advanced.aspx" />
      <file name="Navigation_Level_1_SubLevel_0.html" mappedTo="TestSite\Navigation_Level_1_SubLevel_0.html" />
      <file name="Navigation_Level_1_SubLevel_1.html" mappedTo="TestSite\Navigation_Level_1_SubLevel_1.html" />
      <file name="Navigation_Level_1_SubLevel_2.html" mappedTo="TestSite\Navigation_Level_1_SubLevel_2.html" />
      <file name="Navigation_Level_1_SubLevel_3.html" mappedTo="TestSite\Navigation_Level_1_SubLevel_3.html" />
      <file name="16_DataValidation_SqlInjection_Basic.aspx" mappedTo="Vulnerabilities\DataValidation_SqlInjection_Basic.aspx" />
      <file name="17_DataValidation_SqlInjection_Medium.aspx" mappedTo="Vulnerabilities\DataValidation_SqlInjection_Medium.aspx" />
      <file name="18_Direct Sql Query.aspx" mappedTo="Vulnerabilities\Direct Sql Query.aspx" />
      <file name="19_InSession - Login.aspx" mappedTo="Vulnerabilities\InSession - Login.aspx" />
      <file name="20_InSession - SqlInjectionPages.aspx" mappedTo="Vulnerabilities\InSession - SqlInjectionPages.aspx" />
      <file name="Navigation_Level_1_SubLevel_0.html" mappedTo="TestSite\Navigation_Level_1_SubLevel_0.html" />
      <file name="Navigation_Level_1_SubLevel_1.html" mappedTo="TestSite\Navigation_Level_1_SubLevel_1.html" />
      <file name="Navigation_Level_1_SubLevel_2.html" mappedTo="TestSite\Navigation_Level_1_SubLevel_2.html" />
      <file name="Navigation_Level_1_SubLevel_3.html" mappedTo="TestSite\Navigation_Level_1_SubLevel_3.html" />
      <file name="21_Remote Cmd Shell Advanced.aspx" mappedTo="Vulnerabilities\Remote Cmd Shell Advanced.aspx" />
      <file name="22_Remote Cmd Shell.aspx" mappedTo="Vulnerabilities\Remote Cmd Shell.aspx" />
      <file name="23_Show Directories.aspx" mappedTo="Vulnerabilities\Show Directories.aspx" />
      <file name="24_Show File Contents.aspx" mappedTo="Vulnerabilities\Show File Contents.aspx" />
      <file name="25_UnprotectedSecrets_Viewstate_HiddenField.aspx" mappedTo="Vulnerabilities\UnprotectedSecrets_Viewstate_HiddenField.aspx" />
      <file name="Navigation_Level_2_SubLevel_0.html" mappedTo="TestSite\Navigation_Level_2_SubLevel_0.html" />
      <file name="Navigation_Level_2_SubLevel_1.html" mappedTo="TestSite\Navigation_Level_2_SubLevel_1.html" />
      <file name="Navigation_Level_2_SubLevel_2.html" mappedTo="TestSite\Navigation_Level_2_SubLevel_2.html" />
      <file name="Navigation_Level_2_SubLevel_3.html" mappedTo="TestSite\Navigation_Level_2_SubLevel_3.html" />
      <file name="26_Weak Password.aspx" mappedTo="Vulnerabilities\Weak Password.aspx" />
      <file name="27_Write File On Server.aspx" mappedTo="Vulnerabilities\Write File On Server.aspx" />
      <file name="28_XSS.aspx" mappedTo="Vulnerabilities\XSS.aspx" />
      <file name="29_DataValidation_SqlInjection_Advanced.aspx" mappedTo="Vulnerabilities\DataValidation_SqlInjection_Advanced.aspx" />
      <file name="30_DataValidation_SqlInjection_Basic.aspx" mappedTo="Vulnerabilities\DataValidation_SqlInjection_Basic.aspx" />
      <file name="Navigation_Level_2_SubLevel_0.html" mappedTo="TestSite\Navigation_Level_2_SubLevel_0.html" />
      <file name="Navigation_Level_2_SubLevel_1.html" mappedTo="TestSite\Navigation_Level_2_SubLevel_1.html" />
      <file name="Navigation_Level_2_SubLevel_2.html" mappedTo="TestSite\Navigation_Level_2_SubLevel_2.html" />
      <file name="Navigation_Level_2_SubLevel_3.html" mappedTo="TestSite\Navigation_Level_2_SubLevel_3.html" />
      <file name="31_DataValidation_SqlInjection_Medium.aspx" mappedTo="Vulnerabilities\DataValidation_SqlInjection_Medium.aspx" />
      <file name="32_Direct Sql Query.aspx" mappedTo="Vulnerabilities\Direct Sql Query.aspx" />
      <file name="33_InSession - Login.aspx" mappedTo="Vulnerabilities\InSession - Login.aspx" />
      <file name="34_InSession - SqlInjectionPages.aspx" mappedTo="Vulnerabilities\InSession - SqlInjectionPages.aspx" />
      <file name="35_Remote Cmd Shell Advanced.aspx" mappedTo="Vulnerabilities\Remote Cmd Shell Advanced.aspx" />
      <file name="Navigation_Level_2_SubLevel_0.html" mappedTo="TestSite\Navigation_Level_2_SubLevel_0.html" />
      <file name="Navigation_Level_2_SubLevel_1.html" mappedTo="TestSite\Navigation_Level_2_SubLevel_1.html" />
      <file name="Navigation_Level_2_SubLevel_2.html" mappedTo="TestSite\Navigation_Level_2_SubLevel_2.html" />
      <file name="Navigation_Level_2_SubLevel_3.html" mappedTo="TestSite\Navigation_Level_2_SubLevel_3.html" />
      <file name="36_Remote Cmd Shell.aspx" mappedTo="Vulnerabilities\Remote Cmd Shell.aspx" />
      <file name="37_Show Directories.aspx" mappedTo="Vulnerabilities\Show Directories.aspx" />
      <file name="38_Show File Contents.aspx" mappedTo="Vulnerabilities\Show File Contents.aspx" />
      <file name="39_UnprotectedSecrets_Viewstate_HiddenField.aspx" mappedTo="Vulnerabilities\UnprotectedSecrets_Viewstate_HiddenField.aspx" />
      <file name="40_Weak Password.aspx" mappedTo="Vulnerabilities\Weak Password.aspx" />
      <file name="Navigation_Level_2_SubLevel_0.html" mappedTo="TestSite\Navigation_Level_2_SubLevel_0.html" />
      <file name="Navigation_Level_2_SubLevel_1.html" mappedTo="TestSite\Navigation_Level_2_SubLevel_1.html" />
      <file name="Navigation_Level_2_SubLevel_2.html" mappedTo="TestSite\Navigation_Level_2_SubLevel_2.html" />
      <file name="Navigation_Level_2_SubLevel_3.html" mappedTo="TestSite\Navigation_Level_2_SubLevel_3.html" />
      <file name="41_Write File On Server.aspx" mappedTo="Vulnerabilities\Write File On Server.aspx" />
      <file name="42_XSS.aspx" mappedTo="Vulnerabilities\XSS.aspx" />
      <file name="43_DataValidation_SqlInjection_Advanced.aspx" mappedTo="Vulnerabilities\DataValidation_SqlInjection_Advanced.aspx" />
      <file name="44_DataValidation_SqlInjection_Basic.aspx" mappedTo="Vulnerabilities\DataValidation_SqlInjection_Basic.aspx" />
      <file name="45_DataValidation_SqlInjection_Medium.aspx" mappedTo="Vulnerabilities\DataValidation_SqlInjection_Medium.aspx" />
      <file name="Navigation_Level_3_SubLevel_0.html" mappedTo="TestSite\Navigation_Level_3_SubLevel_0.html" />
      <file name="Navigation_Level_3_SubLevel_1.html" mappedTo="TestSite\Navigation_Level_3_SubLevel_1.html" />
      <file name="Navigation_Level_3_SubLevel_2.html" mappedTo="TestSite\Navigation_Level_3_SubLevel_2.html" />
      <file name="Navigation_Level_3_SubLevel_3.html" mappedTo="TestSite\Navigation_Level_3_SubLevel_3.html" />
      <file name="46_Direct Sql Query.aspx" mappedTo="Vulnerabilities\Direct Sql Query.aspx" />
      <file name="47_InSession - Login.aspx" mappedTo="Vulnerabilities\InSession - Login.aspx" />
      <file name="48_InSession - SqlInjectionPages.aspx" mappedTo="Vulnerabilities\InSession - SqlInjectionPages.aspx" />
      <file name="49_Remote Cmd Shell Advanced.aspx" mappedTo="Vulnerabilities\Remote Cmd Shell Advanced.aspx" />
      <file name="50_Remote Cmd Shell.aspx" mappedTo="Vulnerabilities\Remote Cmd Shell.aspx" />
      <file name="Navigation_Level_3_SubLevel_0.html" mappedTo="TestSite\Navigation_Level_3_SubLevel_0.html" />
      <file name="Navigation_Level_3_SubLevel_1.html" mappedTo="TestSite\Navigation_Level_3_SubLevel_1.html" />
      <file name="Navigation_Level_3_SubLevel_2.html" mappedTo="TestSite\Navigation_Level_3_SubLevel_2.html" />
      <file name="Navigation_Level_3_SubLevel_3.html" mappedTo="TestSite\Navigation_Level_3_SubLevel_3.html" />
      <file name="51_Show Directories.aspx" mappedTo="Vulnerabilities\Show Directories.aspx" />
      <file name="52_Show File Contents.aspx" mappedTo="Vulnerabilities\Show File Contents.aspx" />
      <file name="53_UnprotectedSecrets_Viewstate_HiddenField.aspx" mappedTo="Vulnerabilities\UnprotectedSecrets_Viewstate_HiddenField.aspx" />
      <file name="54_Weak Password.aspx" mappedTo="Vulnerabilities\Weak Password.aspx" />
      <file name="55_Write File On Server.aspx" mappedTo="Vulnerabilities\Write File On Server.aspx" />
      <file name="Navigation_Level_3_SubLevel_0.html" mappedTo="TestSite\Navigation_Level_3_SubLevel_0.html" />
      <file name="Navigation_Level_3_SubLevel_1.html" mappedTo="TestSite\Navigation_Level_3_SubLevel_1.html" />
      <file name="Navigation_Level_3_SubLevel_2.html" mappedTo="TestSite\Navigation_Level_3_SubLevel_2.html" />
      <file name="Navigation_Level_3_SubLevel_3.html" mappedTo="TestSite\Navigation_Level_3_SubLevel_3.html" />
      <file name="56_XSS.aspx" mappedTo="Vulnerabilities\XSS.aspx" />
      <file name="57_DataValidation_SqlInjection_Advanced.aspx" mappedTo="Vulnerabilities\DataValidation_SqlInjection_Advanced.aspx" />
      <file name="58_DataValidation_SqlInjection_Basic.aspx" mappedTo="Vulnerabilities\DataValidation_SqlInjection_Basic.aspx" />
      <file name="59_DataValidation_SqlInjection_Medium.aspx" mappedTo="Vulnerabilities\DataValidation_SqlInjection_Medium.aspx" />
      <file name="60_Direct Sql Query.aspx" mappedTo="Vulnerabilities\Direct Sql Query.aspx" />
      <file name="Navigation_Level_3_SubLevel_0.html" mappedTo="TestSite\Navigation_Level_3_SubLevel_0.html" />
      <file name="Navigation_Level_3_SubLevel_1.html" mappedTo="TestSite\Navigation_Level_3_SubLevel_1.html" />
      <file name="Navigation_Level_3_SubLevel_2.html" mappedTo="TestSite\Navigation_Level_3_SubLevel_2.html" />
      <file name="Navigation_Level_3_SubLevel_3.html" mappedTo="TestSite\Navigation_Level_3_SubLevel_3.html" />
      <file name="61_InSession - Login.aspx" mappedTo="Vulnerabilities\InSession - Login.aspx" />
      <file name="62_InSession - SqlInjectionPages.aspx" mappedTo="Vulnerabilities\InSession - SqlInjectionPages.aspx" />
      <file name="63_Remote Cmd Shell Advanced.aspx" mappedTo="Vulnerabilities\Remote Cmd Shell Advanced.aspx" />
      <file name="64_Remote Cmd Shell.aspx" mappedTo="Vulnerabilities\Remote Cmd Shell.aspx" />
      <file name="65_Show Directories.aspx" mappedTo="Vulnerabilities\Show Directories.aspx" />
      <file name="66_Show File Contents.aspx" mappedTo="Vulnerabilities\Show File Contents.aspx" />
      <file name="67_UnprotectedSecrets_Viewstate_HiddenField.aspx" mappedTo="Vulnerabilities\UnprotectedSecrets_Viewstate_HiddenField.aspx" />
      <file name="68_Weak Password.aspx" mappedTo="Vulnerabilities\Weak Password.aspx" />
      <file name="69_Write File On Server.aspx" mappedTo="Vulnerabilities\Write File On Server.aspx" />
      <file name="70_XSS.aspx" mappedTo="Vulnerabilities\XSS.aspx" />
      <file name="71_DataValidation_SqlInjection_Advanced.aspx" mappedTo="Vulnerabilities\DataValidation_SqlInjection_Advanced.aspx" />
      <file name="72_DataValidation_SqlInjection_Basic.aspx" mappedTo="Vulnerabilities\DataValidation_SqlInjection_Basic.aspx" />
      <file name="73_DataValidation_SqlInjection_Medium.aspx" mappedTo="Vulnerabilities\DataValidation_SqlInjection_Medium.aspx" />
      <file name="74_Direct Sql Query.aspx" mappedTo="Vulnerabilities\Direct Sql Query.aspx" />
      <file name="75_InSession - Login.aspx" mappedTo="Vulnerabilities\InSession - Login.aspx" />
      <file name="76_InSession - SqlInjectionPages.aspx" mappedTo="Vulnerabilities\InSession - SqlInjectionPages.aspx" />
      <file name="77_Remote Cmd Shell Advanced.aspx" mappedTo="Vulnerabilities\Remote Cmd Shell Advanced.aspx" />
      <file name="78_Remote Cmd Shell.aspx" mappedTo="Vulnerabilities\Remote Cmd Shell.aspx" />
      <file name="79_Show Directories.aspx" mappedTo="Vulnerabilities\Show Directories.aspx" />
      <file name="80_Show File Contents.aspx" mappedTo="Vulnerabilities\Show File Contents.aspx" />
      <file name="81_UnprotectedSecrets_Viewstate_HiddenField.aspx" mappedTo="Vulnerabilities\UnprotectedSecrets_Viewstate_HiddenField.aspx" />
      <file name="82_Weak Password.aspx" mappedTo="Vulnerabilities\Weak Password.aspx" />
      <file name="83_Write File On Server.aspx" mappedTo="Vulnerabilities\Write File On Server.aspx" />
      <file name="84_XSS.aspx" mappedTo="Vulnerabilities\XSS.aspx" />
      <file name="85_DataValidation_SqlInjection_Advanced.aspx" mappedTo="Vulnerabilities\DataValidation_SqlInjection_Advanced.aspx" />
    </rootFolder>
  </site>
</SiteGenerator>