<?xml version="1.0" encoding="UTF-8"?><Project xmlns="vuln_report" xmlns:xsi="http://www.w3.org/2001/XMLSchema-instance">	<Targets>		<Target type="" name="">			<IP value=""/>			<IP value=""/>			<DnsName value=""/>			<Findings>				<Finding Probability="Low" Impact="High" Vulnerability="Asp.Net ViewState contains Challenge&apos;s Response" Category="Sensitive Data" Layer="Application" IncludeInReport="true" Tsa-id="123-15">					<Comments>To view the Challenge&apos;s Response in clear text, follow these steps: 1) Decode the ViewState from the Admin Section login page (http://a.b.c.d/aspx/main.aspx?function=AdminSection), 2) discover the Challenge&apos;s Response value in the decoded ViewState, and 3) use that value to login to the admin area (the Challenge&apos;s Response value is stored in a Asp.net control which is marked with &apos;visible=false&apos; (but still stored in the ViewState))</Comments>					<AffectedItems>ViewState</AffectedItems>					<AdittionalDetails></AdittionalDetails>				</Finding>			</Findings>			<Findings>				<Finding Probability="Low" Impact="High" Category="Sensitive Data" Layer="Application" Vulnerability="Challenge&apos;s Response weak encryption" IncludeInReport="true" Tsa-id="123-16">					<AffectedItems>System used to encrypt the Challenge&apos;s Response</AffectedItems>					<Comments>It is possible to Brute force the Challenge&apos;s Response since it is calculated by XORing the Challenge against a simple number<newline/></Comments>				</Finding>			</Findings>		</Target>	</Targets></Project>