<?xml version="1.0" encoding="UTF-8"?><Project xmlns="vuln_report" xmlns:xsi="http://www.w3.org/2001/XMLSchema-instance">	<Targets>		<Target type="" name="">			<IP value=""/>			<IP value=""/>			<DnsName value=""/>			<Findings>				<Finding Vulnerability="Being able to write files in any location." Category="" Layer="">					<Comments/>					<AffectedItems>http://localhost/aspx/Write%20File%20On%20Server.aspx</AffectedItems>					<AdittionalDetails>On this page you can write any file to any place on the server.  This could lead to a DoS attack in many ways, along with other vulnerabilities.  </AdittionalDetails>				</Finding>			</Findings>		</Target>	</Targets></Project>