<?xml version="1.0" encoding="UTF-8"?><Project xmlns="vuln_report" xmlns:xsi="http://www.w3.org/2001/XMLSchema-instance">	<Targets>		<Target type="" name="">			<IP value=""/>			<IP value=""/>			<DnsName value=""/>			<Findings>				<Finding Probability="Low" Impact="Low" Vulnerability="Directory Listing Enabled" Category="Insecure Configuration" Layer="Application" IncludeInReport="true" Tsa-id="123-2">					<Comments></Comments>					<AffectedItems>http://a.b.c.d/install/  </AffectedItems>					<AdittionalDetails></AdittionalDetails>				</Finding>			</Findings>		</Target>	</Targets></Project>