﻿<?xml version="1.0" encoding="utf-8" ?>
<SiteGenerator>
	<config>
		<rootPath>*/SiteA</rootPath>
		<notFoundPage name="PageNotFound.htm"/>
	</config>
	<site>		
		<folder name="" defaultPage="Html.htm">
			<file name="Xss.aspx" mappedTo="Xss.aspx"/>
			<file name="Xss1.aspx" mappedTo="Xss.aspx"/>
			<file name="Xss2.aspx" mappedTo="Xss.aspx"/>
			<file name="Xss3.aspx" mappedTo="Xss.aspx"/>
			<file name="A.htm" mappedTo="NormalPage.htm"/>
			<file name="b.htm" mappedTo="NormalPage.htm"/>
			
			<folder name="FlashNavigation" defaultPage="Flash.htm"/>
			<file_ name="test4.asp" mappedTo="tesp.asp"/>
			<file_ name="sql.asp" mappedTo="SqlInjection_Demo/Main.asp"/>
						
									
			<file name="Test.htm" mappedTo="~/Frameset.htm"/>
			<file name="Flash.htm" mappedTo="~/Frameset_Flash.htm"/>
			<file name="Html.htm" mappedTo="~/Frameset_Html.htm"/>
			<file name="Links.htm" mappedTo="~/Links.htm"/>
			<file name="Welcome.htm" mappedTo="~/Welcome.htm"/>			
			<file name="SiteA_NormalPage.htm" mappedTo="~/NormalPage.htm"/>

			<file_ name="Admin.htm" mappedTo="~/NormalPage.htm"/>
			
			<file name="_Navigation_Html_" mappedTo="~/"/>
			<file name="_Navigation_Flash_" mappedTo="~/"/>			
			<file name="SiteA_TopNavigation.htm_" mappedTo="~/[Navigation_Javascript]"/>
			<file name="SiteA_TopNavigation.htm" mappedTo="~/TopNavigation.htm"/>
			<file name="cromas_xml.swf" mappedTo="flash_xml_menu/cromas_xml.swf"/>
			<file name="cromas_xml2.swf" mappedTo="flash_xml_menu/cromas_xml.swf"/>
			<file name="cromas_menu.xml" mappedTo="flash_xml_menu/cromas_menu.xml"/>

			<folder name="SiteA_Folder">				
				<file name="page_1.htm" mappedTo="~/NormalPage.htm"/>
				<folder name="SiteA_SubFolder" >
					<file name="Page_2.htm" mappedTo="~/NormalPage.htm"/>
				</folder>
			</folder>
			<folder name="SiteA_Images">
				<file name="LiveDemo.gif" mappedTo="images/image3.jpg"/>
				<file name="Shanit.gif" mappedTo="~/images/image3.jpg"/>
				<file name="OwaspLogoInWhite.gif" mappedTo="~/images/image1.gif"/>
				<file name="OwaspLogoInWhite2.gif" mappedTo="~/images/image1.gif"/>
				<file name="OwaspLogoInBlue.gif" mappedTo="~/images/image2.gif"/>
				<file name="FoundstoneLogo.gif" mappedTo="~/images/image3.jpg"/>
			</folder>
			<folder name="Normal_Html_pages" >
				<file name="SiteA_NormalPage2.htm" mappedTo="~/NormalPage.htm"/>
				<file name="SiteA_NormalPage3.htm" mappedTo="~/NormalPage.htm"/>
				<file name="SiteA_NormalPage4.htm" mappedTo="~/NormalPage.htm"/>
				<file name="SiteA_NormalPage5.htm" mappedTo="~/NormalPage.htm"/>
			</folder>
			<folder name="Aspx_Pages" >
				<file name="XSS_Sample.aspx" mappedTo="XSSSample.aspx"/>
				<file name="FilePathException.aspx" mappedTo="FilePathException.aspx"/>
				<file name="FileOpener.aspx" mappedTo="FileOpener.aspx"/>
				<file name="test.aspx" mappedTo="test2.aspx"/>
				<file name="Xss.aspx" mappedTo="Xss.aspx"/>				
						


				<file name="SqlInjection.aspx" mappedTo="SqlInjection_1.aspx"/>				

			</folder>
			<folder name="Exploits">
				<file name="xss_exploit.htm" mappedTo="~/Exploits/xss_exploit.htm"/>
				<file name="SqlInjection_exploit.htm" mappedTo="~/Exploits/SqlInjection_exploit.htm"/>
			</folder>
			<folder name="Site_with_Html_Navigation">
				<file_ name="_Navigation_Flash_" mappedTo="~/Site_with_Html_Navigation"/>
				<file_ name="cromas_xml.swf" mappedTo="~/flash_xml_menu/cromas_xml.swf"/>
				<file_ name="cromas_menu.xml" mappedTo="~/flash_xml_menu/cromas_menu.xml"/>
				<file name="SimplePage.htm" mappedTo="~/NormalPage.htm"/>
				<file name="xss_exploit.htm" mappedTo="~/Exploits/xss_exploit.htm"/>
				<file name="SqlInjection_exploit.htm" mappedTo="~/Exploits/SqlInjection_exploit.htm"/>		
			</folder>	
		</folder>
	</site>
</SiteGenerator>