<?xml version="1.0" encoding="UTF-8"?><Project xmlns="vuln_report" xmlns:xsi="http://www.w3.org/2001/XMLSchema-instance">	<Targets>		<Target type="" name="">			<IP value=""/>			<IP value=""/>			<DnsName value=""/>			<Findings>				<Finding Probability="Medium" Impact="Medium" Vulnerability="Cross site Scripting (XSS)" Category="Input and Data Validation" Layer="Application" IncludeInReport="true" Tsa-id="123-11">					<Comments>It is possible to Insert XSS payloads on the &apos;Affected items&apos; pages</Comments>					<AffectedItems> Account Transfer &apos;Comment&apos;: field http://a.b.c.d/aspx/main.aspx?function=AccountTransfer</AffectedItems>					<AffectedItems>Request a Loan&apos; &apos;Comment&apos; field: http://a.b.c.d/aspx/main.aspx?function=Loan</AffectedItems>					<AffectedItems>Post Message &apos;Subject&apos; or &apos;Text&apos; fields: http://a.b.c.d/aspx/main.aspx?function=PostMessageForm</AffectedItems>					<Recommendation>						<Comment></Comment>						<linkToRecommendationDatabase>SW1.3</linkToRecommendationDatabase>					</Recommendation>					<AdittionalDetails></AdittionalDetails>				</Finding>			</Findings>		</Target>	</Targets></Project>