<?xml version="1.0" encoding="UTF-8"?><Project xmlns="vuln_report" xmlns:xsi="http://www.w3.org/2001/XMLSchema-instance">	<Targets>		<Target type="" name="">			<IP value=""/>			<IP value=""/>			<DnsName value=""/>			<Findings>				<Finding Vulnerability="Ability to see directory contents of any part of the computer." Category="" Layer="">					<Comments/>					<AffectedItems>http://localhost/aspx/Show%20Directories.aspx</AffectedItems>					<AdittionalDetails>On this page it is possible for a user to enter in any directory and get a directory listing.  Allowing for an attacker to get more information for the attack.  <newline/>						<newline/>					</AdittionalDetails>				</Finding>			</Findings>		</Target>	</Targets></Project>