<?xml version="1.0" encoding="UTF-8"?><Project xmlns="vuln_report" xmlns:xsi="http://www.w3.org/2001/XMLSchema-instance">	<Targets>		<Target type="" name="">			<IP value=""/>			<IP value=""/>			<DnsName value=""/>			<Findings>				<Finding Probability="Medium" Impact="Medium" Vulnerability="Account Transfer validation for negative values is only performed at the client" Category="Input and Data Validation" Layer="Application" IncludeInReport="true" Tsa-id="123-0">					<Comments>Use a proxy (or a browser tamper plugin) to inject a negative number in the Form http://a.b.c.d/aspx/main.aspx?function=AccountTransfer (this will transfer an amount TO the source account FROM the target account (i.e. the opposite of expected behavior)  </Comments>					<AffectedItems>http://a.b.c.d/aspx/main.aspx?function=AccountTransfe</AffectedItems>					<AdittionalDetails></AdittionalDetails>				</Finding>			</Findings>			<Findings>				<Finding Probability="Medium" Impact="Low" Category="Input and Data Validation" Layer="Application" Vulnerability="Maximum number of login attempts is controlled by client-side cookie" IncludeInReport="true" Tsa-id="123-1">					<Comments>Use a proxy (or a browser tamper plugin) to change the value of the CookieLoginAttempts (for example to 5000)  <newline/></Comments>					<AffectedItems>CookieLoginAttempts</AffectedItems>					<Recommendation>						<Comment></Comment>						<linkToRecommendationDatabase>SW3.3</linkToRecommendationDatabase>					</Recommendation>				</Finding>			</Findings>		</Target>	</Targets></Project>