<?xml version="1.0" encoding="UTF-8"?><Project xmlns="vuln_report" xmlns:xsi="http://www.w3.org/2001/XMLSchema-instance">	<Targets>		<Target type="" name="">			<IP value=""/>			<IP value=""/>			<DnsName value=""/>			<Findings>				<Finding Probability="Medium" Impact="Critical" Vulnerability="Admin pages available to normal users" Category="Access Control" Layer="Application" IncludeInReport="true" Tsa-id="123-3">					<Comments>After login, a normal user is able to access the affected admin pages.</Comments>					<AffectedItems>http://a.b.c.d/aspx/Main.aspx?function=admin\Fetch_Web_Page          </AffectedItems>					<AffectedItems>http://a.b.c.d/aspx/Main.aspxfunction=admin\Manage_Accounts          </AffectedItems>					<AffectedItems>http://a.b.c.d/aspx/Main.aspxfunction=admin\Manage_Messages          </AffectedItems>					<AffectedItems>http://a.b.c.d/aspx/Main.aspx?function=admin\Manage_Users          </AffectedItems>					<AffectedItems>http://a.b.c.d/aspx/Main.aspx?function=admin\Sql_Query          </AffectedItems>					<AffectedItems>http://a.b.c.d/aspx/Main.aspx?function=admin\Web_Services</AffectedItems>					<AdittionalDetails></AdittionalDetails>				</Finding>			</Findings>			<Findings>				<Finding Probability="Medium" Impact="Medium" Category="Access Control" Layer="Application" Vulnerability="Users are able to access account details belonging to  other users" IncludeInReport="true" Tsa-id="123-4">					<Comments>To test this vulnerability, Log-in as user jv and open the page  http://a.b.c.d./aspx/Main.aspx?function=TransactionDetails&amp;account_no=5204320422040001 . Then replace the &apos;account_no&apos; GET value with 5204320422040003 (i.e.  http://a.b.c.d./aspx/Main.aspx?function=TransactionDetails&amp;account_no=5204320422040003)  and note that you are now accessing account details belonging to another  user (in this case the user jm)<newline/></Comments>					<AffectedItems>http://a.b.c.d./aspx/Main.aspx?function=TransactionDetails&amp;account_no=5204320422040001</AffectedItems>					<AffectedItems>http://a.b.c.d./aspx/Main.aspx?function=TransactionDetails&amp;account_no=5204320422040003</AffectedItems>					<Recommendation>						<Comment></Comment>						<linkToRecommendationDatabase>SW4.3</linkToRecommendationDatabase>					</Recommendation>				</Finding>			</Findings>			<Findings>				<Finding Probability="Low" Impact="Medium" Category="Access Control" Layer="Application" IncludeInReport="true" Vulnerability="Old Password requirement is not enforced in &apos;Change  Password&apos; page" Tsa-id="123-5">					<Comments>To view this vulnerability follow these steps: Hijack user session (using for example a valid user&apos;s  Session Cookie), open the page  http://a.b.c.d./aspx/main.aspx?function=PasswordChange and change  that user&apos;s password (without knowledge of that user&apos;s current password)</Comments>					<AffectedItems>http://a.b.c.d./aspx/main.aspx?function=PasswordChange </AffectedItems>				</Finding>			</Findings>		</Target>	</Targets></Project>