<?xml version="1.0" encoding="UTF-8"?><Project xmlns="vuln_report" xmlns:xsi="http://www.w3.org/2001/XMLSchema-instance">	<Targets>		<Target type="" name="">			<IP value=""/>			<IP value=""/>			<DnsName value=""/>			<Findings>				<Finding Vulnerability="Ability to view any file&apos;s contents" Category="" Layer="">					<Comments/>					<AffectedItems>http://localhost/aspx/Show%20File%20Contents.aspx</AffectedItems>					<AdittionalDetails>At this page you can specify any file to view its contents.  This is bad because it can give an attacker very useful information.  Solution: Whitelist the files that a user can view or do not allow users to specify the files.<newline/>						<newline/>					</AdittionalDetails>				</Finding>			</Findings>		</Target>	</Targets></Project>