<?xml version="1.0" encoding="UTF-8"?><Project xmlns="vuln_report" xmlns:xsi="http://www.w3.org/2001/XMLSchema-instance">	<Targets>		<Target type="" name="">			<IP value=""/>			<IP value=""/>			<DnsName value=""/>			<Findings>				<Finding Probability="Medium" Impact="Medium" Vulnerability="Session Hijacking via ASP.NET_Session cookie" Category="Authentication" Layer="Application" IncludeInReport="true" Tsa-id="123-6">					<Comments>Discover a valid ASP.NET_Session cookie, and hijack that account by changing the cookie on the browser or injecting it via a proxy</Comments>					<AffectedItems>User Session</AffectedItems>					<AdittionalDetails></AdittionalDetails>				</Finding>			</Findings>			<Findings>				<Finding Probability="Medium" Impact="High" Category="Authentication" Layer="Application" Vulnerability="Admin site protected with weak cookie" IncludeInReport="true" Tsa-id="123-7">					<Comments>Access to the admin site is controlled by a client side cookie called &apos;admin&apos; (On login, this value is false, and set to true after successful Response to the Challenge posted here http://a.b.c.d/aspx/main.aspx?function=AdminSection). To access the admin area, login as a normal user and change the value of the &apos;admin&apos; cookie from false to true<newline/></Comments>					<AffectedItems>&apos;admin&apos; cookie</AffectedItems>					<AffectedItems>http://a.b.c.d/aspx/main.aspx?function=AdminSection</AffectedItems>				</Finding>			</Findings>			<Findings>				<Finding Probability="Low" Impact="Medium" Category="Authentication" Layer="Application" Vulnerability="WebServices are accessible by anonymous users:" IncludeInReport="true" Tsa-id="123-8">					<Comments>Web Services pages can be directly accessed and invoked. <newline/></Comments>					<AffectedItems>http://a.b.c.d/HacmeBank_V2_WS/WebServices/AccountManagement.asmx  </AffectedItems>					<AffectedItems>http://a.b.c.d/HacmeBank_V2_WS/WebServices/UserManagement.asmx          </AffectedItems>					<AffectedItems>http://a.b.c.d/HacmeBank_V2_WS/WebServices/UsersCommunity.asmx</AffectedItems>				</Finding>			</Findings>			<Findings>				<Finding Probability="Low" Impact="Medium" Category="Authentication" Layer="Application" Vulnerability="ViewState replay vulnerability" IncludeInReport="true" Tsa-id="123-9">					<Comments>The source account on the Transfer Funds page  (http://a.b.c.d./aspx/main.aspx?function=AccountTransfer) is  controlled by ViewState. This means that the attacker cannot change this  value by POST form injection, but means that if the attacker is able to  grab a valid ViewState from another user (via Xss, cached copy of that  page on a Hard Disk or by sniffing the traffic), it can replay that  ViewState and make transfers from that account (to an external account).  <newline/></Comments>					<AffectedItems>http://a.b.c.d./aspx/main.aspx?function=AccountTransfer</AffectedItems>				</Finding>			</Findings>			<Findings>				<Finding Probability="Medium" Impact="High" Category="Authorization" Layer="Application" Vulnerability="Web Services Session ID is not enforced" IncludeInReport="true" Tsa-id="123-10">					<Comments>Invoke the web services directly without needing a valid  SessionID<newline/></Comments>					<AffectedItems>http://a.b.c.d/HacmeBank_V2_WS/WebServices/AccountManagement.asmx  </AffectedItems>					<AffectedItems>http://a.b.c.d/HacmeBank_V2_WS/WebServices/UserManagement.asmx          </AffectedItems>					<AffectedItems>http://a.b.c.d/HacmeBank_V2_WS/WebServices/UsersCommunity.asmx</AffectedItems>					<Recommendation>						<Comment></Comment>						<linkToRecommendationDatabase>The correct resolution of this vulnerability is one where  the Web Services are still publicly available but control to the exposed  Web Services functionality is managed via the SessionID</linkToRecommendationDatabase>					</Recommendation>				</Finding>			</Findings>		</Target>	</Targets></Project>