<?xml version="1.0" encoding="UTF-8"?><Project xmlns="vuln_report" xmlns:xsi="http://www.w3.org/2001/XMLSchema-instance">	<Targets>		<Target type="" name="">			<IP value=""/>			<IP value=""/>			<DnsName value=""/>			<Findings>				<Finding Probability="High" Impact="Critical" Vulnerability="SQL Injection" Category="Parameter Manipulation" Layer="Application" IncludeInReport="true" Tsa-id="123-12">					<Comments>It is possible to Insert SQL Injection payloads on the &apos;Affected items&apos; pages</Comments>					<AffectedItems>Login Page &apos;Username&apos; or &apos;Password&apos; fields: http://a.b.c.d/aspx/main.aspx?function=PostMessageForm</AffectedItems>					<AffectedItems> Transaction Details &apos;account_no&apos; GET field: http://a.b.c.d/aspx/Main.aspx?function=TransactionDetails&amp;account_no=5204320422040001</AffectedItems>					<AffectedItems>Account Transfer &apos;Comment&apos;: field http://a.b.c.d/aspx/main.aspx?function=AccountTransfer</AffectedItems>					<AffectedItems>Request a Loan&apos; &apos;Comment&apos; field: http://a.b.c.d/aspx/main.aspx?function=Loan</AffectedItems>					<AffectedItems>Post Message &apos;Subject&apos; or &apos;Text&apos; fields: http://a.b.c.d/aspx/main.aspx?function=PostMessageForm</AffectedItems>					<Recommendation>						<Comment></Comment>						<linkToRecommendationDatabase>SW1.1</linkToRecommendationDatabase>					</Recommendation>					<AdittionalDetails></AdittionalDetails>				</Finding>			</Findings>		</Target>	</Targets></Project>