<?xml version="1.0" encoding="UTF-8"?><Project xmlns="vuln_report" xmlns:xsi="http://www.w3.org/2001/XMLSchema-instance">	<Targets>		<Target type="" name="">			<IP value=""/>			<IP value=""/>			<DnsName value=""/>			<Findings>				<Finding Vulnerability="SQL Injection" Category="" Layer="">					<Comments/>					<AffectedItems>http://localhost/aspx/DataValidation_SqlInjection_Basic.aspx?user_id=1</AffectedItems>					<AdittionalDetails>The parameter user_id is not validated to make sure it is within an expected range of values.  In this case just numbers.  A possible solution is to cast the value to an integer and check for an exception.  A better approach would be to validate the data against a whitelist/regex for valid values.<newline/>						<newline/>						<newline/>						<newline/>						<newline/>						<newline/>					</AdittionalDetails>				</Finding>			</Findings>		</Target>	</Targets></Project>