<?xml version="1.0" encoding= "UTF-8" ?>
<menu>
	<button text="Sql Injection" url="http://sitegenerator/aspx/DataValidation_SqlInjection_Basic.aspx?user_id=1" target="ContentFrame"></button>
	<button text="Remove cmd" url="http://sitegenerator/aspx/Remote%20Cmd%20Shell.aspx" target="ContentFrame"></button>
	<!--
	<button text="FlashNavigation" url="/FlashNavigation" target="ContentFrame"></button>
	<button text="SiteA_Folder" url="/SiteA_Folder" target="ContentFrame"></button>
	<button text="SiteA_Images" url="/SiteA_Images" target="ContentFrame"></button>
	<button text="Normal_Html_pages" url="/Normal_Html_pages" target="ContentFrame"></button>
	
	<button text="Exploits" url="/Exploits" target="ContentFrame"></button>
	<button text="Site_with_Html_Navigation" url="/Site_with_Html_Navigation" target="ContentFrame"></button>
	-->
	<options button_color="2E3192" text_color="00FFFF" cursor_color="00FFFF" custom_cursor="false"></options>	
</menu>