<?xml version="1.0" encoding="UTF-8"?><Project xmlns="vuln_report" xmlns:xsi="http://www.w3.org/2001/XMLSchema-instance">	<Targets>		<Target type="" name="">			<IP value=""/>			<IP value=""/>			<DnsName value=""/>			<Findings>				<Finding Probability="Medium" Impact="Medium" Vulnerability="Detailed error messages sent to client" Category="Exception Management" Layer="Application" IncludeInReport="true" Tsa-id="123-13">					<Comments>To view the error messages Force SQL errors on the &apos;Affected Items&apos; pages</Comments>					<AffectedItems>Login Page &apos;Username&apos; or &apos;Password&apos; fields: http://a.b.c.d/aspx/main.aspx?function=PostMessageForm</AffectedItems>					<AffectedItems> Account Transfer &apos;Comment&apos;: field http://a.b.c.d/aspx/main.aspx?function=AccountTransfer</AffectedItems>					<AffectedItems>Request a Loan&apos; &apos;Comment&apos; field: http://a.b.c.d/aspx/main.aspx?function=Loan</AffectedItems>					<Recommendation>						<Comment></Comment>						<linkToRecommendationDatabase>SW2</linkToRecommendationDatabase>					</Recommendation>					<AdittionalDetails></AdittionalDetails>				</Finding>			</Findings>			<Findings>				<Finding Probability="Medium" Impact="Medium" Category="Information Leak" Layer="Service" Vulnerability="&apos;WAF redirect on attack detection&apos; information leak" IncludeInReport="true" Tsa-id="123-14">					<Comments>The normal WAF functionality of redirecting attacks  detected to a custom error pages, provides information to attackers that  such type of defense (WAF) is in use, and creates very dangerous &apos;False  Positive&apos; situations where valid user&apos;s input could be wrongly flagged -  something that would severely affect the user experience and business  value (imagine a user filling a 4 page web form being redirected to the  error page on the last page).<newline/></Comments>					<Recommendation>						<Comment></Comment>						<linkToRecommendationDatabase>Dynamically &apos;normalize&apos; potentially malicious input. For  example, on a Form field vulnerable to SQL Injection, rewrite that field  with only the allowed chars (for example letters and numbers) and flag  an attack  </linkToRecommendationDatabase>					</Recommendation>				</Finding>			</Findings>		</Target>	</Targets></Project>